Timestamp,Gender,Privacy ,Insta_followers,Insta_post
10/26/2023 18:25:10,Male,Private,429,1
10/26/2023 18:25:54,Male,Private,194,0
10/26/2023 18:34:10,Female,Private,417,0
10/26/2023 18:34:20,Female,Public,456,0
10/26/2023 18:34:32,Female,Private,574,6
10/26/2023 18:37:07,Female,Public,177,0
10/26/2023 18:38:49,Female,Private,126,8
10/26/2023 18:42:54,Female,Private,200,0
10/26/2023 18:47:27,Female,Public,306,5
10/26/2023 18:49:52,Female,Private,361,0
10/26/2023 18:51:41,Male,Public,537,0
10/26/2023 19:14:02,Female,Private,1134,16
10/26/2023 19:17:37,Female,Private,407,0
10/26/2023 19:27:01,Male,Private,136,8
10/26/2023 19:32:44,Female,Private,178,2
10/26/2023 19:41:20,Female,Public,789,0
10/26/2023 19:43:05,Female,Private,409,11
10/26/2023 19:46:13,Male,Public,45,30
10/26/2023 19:51:11,Male,Private,13,0
10/26/2023 20:05:51,Female,Private,177,1
10/26/2023 20:25:41,Female,Private,401,0
10/26/2023 20:33:08,Female,Private,430,0
10/26/2023 20:39:31,Female,Private,294,3
10/26/2023 21:51:44,Female,Public,454,1
10/26/2023 22:04:22,Female,Private,370,0
10/26/2023 23:13:00,Female,Private,253,2
10/30/2023 11:15:19,Female,Public,941,0
10/30/2023 11:20:52,Male,Public,347,0
10/30/2023 11:21:35,Female,Private,136,0
10/30/2023 11:21:47,Female,Private,155,0
10/30/2023 11:21:55,Male,Private,84,0
10/30/2023 11:21:57,Male,Public,554,3
10/30/2023 11:22:15,Female,Private,388,0
10/30/2023 11:22:22,Male,Private,232,0
10/30/2023 11:23:01,Female,Private,490,3
10/30/2023 11:23:06,Female,Public,458,0
10/30/2023 11:23:11,Female,Public,135,0
10/30/2023 11:25:06,Female,Public,161,27
10/30/2023 11:28:07,Female,Private,53,56
10/30/2023 11:28:14,Female,Public,238,0
10/30/2023 11:28:56,Female,Public,420,0
10/30/2023 11:30:48,Male,Private,278,0
10/30/2023 11:31:13,Female,Public,283,3
10/30/2023 11:32:10,Female,Public,760,1
10/30/2023 11:34:21,Female,Public,335,6
10/30/2023 11:34:38,Female,Private,208,2
10/30/2023 11:34:53,Female,Public,323,1
10/30/2023 11:36:15,Female,Public,479,0
10/30/2023 11:44:03,Male,Private,453,1
10/30/2023 11:44:18,Male,Public,293,0
10/30/2023 11:44:50,Male,Private,160,0
10/30/2023 11:46:57,Female,Public,1395,5
10/30/2023 11:47:04,Male,Private,240,38
10/30/2023 11:49:54,Male,Public,362,0
10/30/2023 11:50:48,Female,Private,783,0
10/30/2023 11:51:18,Male,Private,200,2
10/30/2023 11:52:19,Female,Private,577,6
10/30/2023 11:58:31,Female,Private,175,82
10/30/2023 12:01:58,Male,Private,211,0
10/30/2023 12:06:54,Female,Private,561,23
10/30/2023 12:07:12,Female,Private,101,7
10/30/2023 12:07:56,Male,Private,241,305
10/30/2023 12:08:50,Male,Public,372,4
10/30/2023 12:10:58,Female,Private,298,1
10/30/2023 12:11:19,Male,Public,78,0
10/30/2023 12:20:53,Female,Public,455,25
10/30/2023 12:21:15,Female,Private,317,0
10/30/2023 12:21:39,Female,Private,337,15
10/30/2023 12:21:44,Female,Public,920,1
10/30/2023 12:34:58,Female,Private,339,0
10/30/2023 12:43:07,Male,Public,1100,1
10/30/2023 12:50:43,Female,Private,270,16
10/30/2023 12:52:04,Female,Private,887,0
10/30/2023 12:58:27,Male,Public,519,6
10/30/2023 13:02:43,Female,Public,519,10
10/30/2023 13:16:56,Female,Public,398,0
10/30/2023 13:36:06,Female,Public,343,0
10/30/2023 13:41:21,Female,Public,1608,1
10/30/2023 13:41:46,Female,Public,657,1
10/30/2023 13:42:49,Male,Private,123,0
10/30/2023 13:51:30,Male,Private,234,2
10/30/2023 14:22:58,Female,Private,1091,0
10/30/2023 14:59:02,Male,Public,485,0
10/30/2023 14:59:46,Male,Public,485,0
10/30/2023 15:12:18,Female,Public,210,0
10/30/2023 15:15:40,Male,Private,28,3
10/30/2023 15:18:01,Female,Public,326,0
10/30/2023 15:19:38,Male,Private,273,0
10/30/2023 15:29:48,Male,Private,861,26
10/30/2023 15:58:26,Male,Public,667,3
10/30/2023 16:12:30,Female,Private,101,1
10/30/2023 16:14:13,Male,Public,41,0
10/30/2023 16:25:25,Male,Private,122,0
10/30/2023 16:26:27,Female,Private,12,1
10/30/2023 16:33:06,Female,Private,330,0
10/30/2023 16:39:02,Male,Public,62625,938357775
10/30/2023 17:08:29,Female,Private,226,1
10/30/2023 17:12:41,Female,Public,350,1
10/30/2023 17:20:33,Male,Public,1383,4
10/30/2023 17:29:33,Male,Private,229,6
10/30/2023 17:47:52,Male,Public,737,1
10/30/2023 17:47:52,Male,Private,350,11
10/30/2023 17:49:27,Female,Public,575,28
10/30/2023 17:50:24,Female,Public,596,25
10/30/2023 17:57:28,Male,Private,1456,70
10/30/2023 18:44:31,Female,Private,26,0
10/30/2023 20:06:21,Female,Public,700,30
10/30/2023 20:07:07,Male,Private,381,6
10/30/2023 20:12:01,Male,Private,120,6
10/30/2023 20:15:59,Female,Private,1107,10
10/30/2023 20:20:00,Female,Private,903,23
10/30/2023 20:20:15,Male,Public,660,170
10/30/2023 20:25:38,Female,Private,810,60
10/30/2023 20:27:55,Female,Private,376,105
10/30/2023 20:32:20,Male,Private,164,0
10/30/2023 20:35:59,Male,Private,541,23
10/30/2023 20:59:51,Female,Private,550,6
10/30/2023 21:17:25,Male,Public,271,3
10/30/2023 22:04:09,Female,Private,900,12
10/30/2023 22:36:46,Female,Private,764,918
10/30/2023 22:49:06,Male,Private,982,26
10/30/2023 22:55:08,Female,Private,758,10
10/30/2023 23:17:31,Female,Public,1400,342
10/30/2023 23:50:42,Female,Public,160,9
10/30/2023 23:59:15,Female,Private,260,62
10/31/2023 1:14:07,Female,Public,944,1
10/31/2023 1:19:48,Male,Private,762,5
10/31/2023 3:14:07,Female,Private,643,12
10/31/2023 3:48:05,Male,Public,140,59
10/31/2023 5:48:00,Female,Private,510,19
10/31/2023 7:46:32,Male,Public,200,0
10/31/2023 7:52:36,Female,Private,100,50
10/31/2023 11:23:56,Female,Private,450,2
10/31/2023 11:33:58,Female,Private,0,0
10/31/2023 11:34:24,Female,Private,122,42
10/31/2023 11:54:26,Female,Private,796,14
10/31/2023 12:11:38,Female,Public,860,9
10/31/2023 12:26:18,Female,Private,389,0
10/31/2023 13:35:15,Male,Public,60,1
10/31/2023 13:50:37,Female,Private,167,28
10/31/2023 14:37:10,Female,Public,1597,77
10/31/2023 21:53:27,Male,Private,51,8
11/1/2023 14:35:30,Male,Private,46,2
11/1/2023 14:35:56,Male,Public,604,5
11/1/2023 14:36:15,Female,Public,1265,21
11/1/2023 14:36:45,Male,Public,230,2
11/1/2023 14:37:00,Male,Private,775,0
11/1/2023 14:37:17,Female,Private,37,8
11/1/2023 14:38:30,Female,Public,1664,12
11/1/2023 14:38:55,Female,Public,1278,0
11/1/2023 14:39:11,Male,Public,703,1
11/1/2023 14:39:29,Female,Private,882,0
11/1/2023 14:40:38,Male,Public,1267,5
11/1/2023 14:45:28,Female,Private,912,0
11/1/2023 14:48:19,Male,Public,1838,1
11/1/2023 14:50:10,Male,Private,224,0
11/1/2023 14:51:30,Male,Private,106,0
11/1/2023 14:53:06,Female,Private,633,296
11/1/2023 14:54:11,Male,Public,1651,0
11/1/2023 14:55:26,Female,Private,1284,67
11/1/2023 14:58:07,Male,Private,194,0
11/1/2023 14:58:46,Female,Public,301,102
11/1/2023 15:00:27,Male,Private,589,7
11/1/2023 15:01:41,Male,Public,315,1
11/1/2023 15:04:03,Male,Public,921,0
11/1/2023 15:09:19,Female,Public,696,0
11/1/2023 15:09:50,Female,Public,833,4
11/1/2023 15:13:25,Male,Public,1232,1
11/1/2023 15:15:01,Female,Private,1310,7
11/1/2023 15:15:38,Male,Private,528,0
11/1/2023 15:18:22,Male,Private,267,11
11/1/2023 15:19:13,Female,Public,1301,6
11/1/2023 15:23:54,Female,Private,1406,2
11/1/2023 15:24:31,Female,Public,3026,32
11/1/2023 15:26:24,Female,Public,216,0
11/1/2023 15:32:14,Female,Private,924,4
11/1/2023 15:33:10,Female,Private,334,0
11/1/2023 15:35:03,Male,Private,507,0
11/1/2023 15:36:41,Male,Private,351,4
11/1/2023 15:40:48,Female,Public,243,2
11/1/2023 15:41:02,Male,Public,272,1
11/1/2023 15:43:37,Male,Private,1617,3
11/1/2023 15:49:48,Male,Private,880,1
11/1/2023 15:50:26,Male,Public,513,2
11/1/2023 15:54:03,Male,Public,1495,1
11/1/2023 16:01:02,Male,Private,1510,2
11/1/2023 16:09:08,Female,Public,1382,4
11/1/2023 16:09:55,Male,Public,138,0
11/1/2023 16:12:33,Female,Private,1284,67
11/1/2023 16:26:04,Male,Public,201,14
11/1/2023 16:26:49,Male,Private,346,6
11/1/2023 16:32:22,Male,Private,56,1
11/1/2023 16:42:46,Female,Private,8282,0
11/1/2023 16:46:24,Male,Public,1238,5
11/1/2023 16:47:35,Female,Public,526,0
11/1/2023 16:49:05,Male,Public,2099,0
11/1/2023 16:52:48,Female,Private,7548,67
11/1/2023 17:02:03,Female,Private,1890,6
11/1/2023 17:03:50,Male,Public,843,1
11/1/2023 17:06:36,Male,Public,1133,0
11/1/2023 17:12:27,Male,Private,59,7
11/1/2023 17:18:06,Male,Public,617,0
11/1/2023 17:35:36,Male,Public,793,0
11/1/2023 17:37:44,Male,Public,2629,14
11/1/2023 17:52:02,Female,Public,65,1
11/1/2023 18:27:14,Male,Public,1844,0